"","geneName","pos1","pos2","strand","annot","type","contig","organism","uniqueID","intronstart","intronlen"
"1","host-Gly-GCC-0",42,117,"-","Gly-GCC","tRNA","MCTE01000004.1","host","42..117",0,0
"2","host-Cys-GCA-0",169,242,"-","Cys-GCA","tRNA","MCTE01000004.1","host","169..242",0,0
"3","host-Leu-TAA-0",327,413,"-","Leu-TAA","tRNA","MCTE01000004.1","host","327..413",0,0
"4","host-Cys-GCA-1",3863,3936,"-","Cys-GCA","tRNA","MCTE01000004.1","host","3863..3936",0,0
"5","host-Gly-GCC-1",41,116,"-","Gly-GCC","tRNA","MCTE01000009.1","host","41..116",0,0
"6","host-Cys-GCA-2",167,240,"-","Cys-GCA","tRNA","MCTE01000009.1","host","167..240",0,0
"7","host-Ala-GGC-0",48,123,"+","Ala-GGC","tRNA","MCTE01000039.1","host","48..123",0,0
"8","host-Gln-TTG-0",55,129,"-","Gln-TTG","tRNA","MCTE01000050.1","host","55..129",0,0
"9","host-Leu-TAG-0",160,244,"-","Leu-TAG","tRNA","MCTE01000050.1","host","160..244",0,0
"10","host-Met-CAT-0",1,77,"-","Met-CAT","tRNA","MCTE01000051.1","host","1..77",0,0
"11","host-Leu-TAG-1",110,194,"-","Leu-TAG","tRNA","MCTE01000051.1","host","110..194",0,0
"12","host-Ala-TGC-0",47,122,"-","Ala-TGC","tRNA","MCTE01000053.1","host","47..122",0,0
"13","host-Ile-GAT-0",137,213,"-","Ile-GAT","tRNA","MCTE01000053.1","host","137..213",0,0
"14","host-Met-CAT-1",112,188,"-","Met-CAT","tRNA","MCTE01000054.1","host","112..188",0,0
"15","host-Glu-TTC-0",93,168,"+","Glu-TTC","tRNA","MCTE01000057.1","host","93..168",0,0
"16","host-Lys-TTT-0",189,264,"+","Lys-TTT","tRNA","MCTE01000057.1","host","189..264",0,0
"17","host-Val-TAC-0",290,365,"+","Val-TAC","tRNA","MCTE01000057.1","host","290..365",0,0
"18","host-Ala-TGC-1",391,466,"+","Ala-TGC","tRNA","MCTE01000057.1","host","391..466",0,0
"19","host-Val-TAC-1",496,571,"+","Val-TAC","tRNA","MCTE01000057.1","host","496..571",0,0
"20","host-Val-TAC-2",11,86,"+","Val-TAC","tRNA","MCTE01000059.1","host","11..86",0,0
"21","host-Lys-TTT-1",3,78,"-","Lys-TTT","tRNA","MCTE01000071.1","host","3..78",0,0
"22","host-Glu-TTC-1",81,156,"-","Glu-TTC","tRNA","MCTE01000071.1","host","81..156",0,0
"23","host-Asn-GTT-0",56,131,"+","Asn-GTT","tRNA","MCTE01000072.1","host","56..131",0,0
"24","host-Val-GAC-0",10870,10946,"+","Val-GAC","tRNA","MCTE01000085.1","host","10870..10946",0,0
"25","host-Thr-TGT-0",15,90,"+","Thr-TGT","tRNA","MCTE01000088.1","host","15..90",0,0
"26","host-Phe-GAA-0",98,173,"+","Phe-GAA","tRNA","MCTE01000088.1","host","98..173",0,0
"27","host-Asn-GTT-1",231,306,"+","Asn-GTT","tRNA","MCTE01000088.1","host","231..306",0,0
"28","host-Phe-GAA-1",2553,2628,"+","Phe-GAA","tRNA","MCTE01000088.1","host","2553..2628",0,0
"29","host-Thr-TGT-1",2686,2761,"+","Thr-TGT","tRNA","MCTE01000088.1","host","2686..2761",0,0
"30","host-Asn-GTT-2",2786,2861,"+","Asn-GTT","tRNA","MCTE01000088.1","host","2786..2861",0,0
"31","host-Thr-TGT-2",2898,2973,"+","Thr-TGT","tRNA","MCTE01000088.1","host","2898..2973",0,0
"32","host-Asn-GTT-3",3003,3078,"+","Asn-GTT","tRNA","MCTE01000088.1","host","3003..3078",0,0
"33","host-Asp-GTC-0",4816,4892,"-","Asp-GTC","tRNA","MCTE01000088.1","host","4816..4892",0,0
"34","host-Thr-GGT-0",5086,5162,"-","Thr-GGT","tRNA","MCTE01000088.1","host","5086..5162",0,0
"35","host-Leu-GAG-0",95733,95817,"+","Leu-GAG","tRNA","MCTE01000090.1","host","95733..95817",0,0
"36","host-Met-CAT-2",95871,95947,"+","Met-CAT","tRNA","MCTE01000090.1","host","95871..95947",0,0
"37","host-Ser-TGA-0",118,208,"+","Ser-TGA","tRNA","MCTE01000096.1","host","118..208",0,0
"38","host-Tyr-GTA-0",84,168,"-","Tyr-GTA","tRNA","MCTE01000100.1","host","84..168",0,0
"39","host-Arg-TCT-0",46390,46466,"+","Arg-TCT","tRNA","MCTE01000101.1","host","46390..46466",0,0
"40","host-Ser-TGA-1",103791,103881,"-","Ser-TGA","tRNA","MCTE01000101.1","host","103791..103881",0,0
"41","host-Ser-TGA-2",104252,104342,"-","Ser-TGA","tRNA","MCTE01000101.1","host","104252..104342",0,0
"42","host-Cys-GCA-3",20592,20665,"+","Cys-GCA","tRNA","MCTE01000102.1","host","20592..20665",0,0
"43","host-Gly-GCC-2",20703,20778,"+","Gly-GCC","tRNA","MCTE01000102.1","host","20703..20778",0,0
"44","host-Leu-TAA-1",20859,20945,"+","Leu-TAA","tRNA","MCTE01000102.1","host","20859..20945",0,0
"45","host-Gly-GCC-3",20982,21057,"+","Gly-GCC","tRNA","MCTE01000102.1","host","20982..21057",0,0
"46","host-Gly-GCC-4",51916,51991,"-","Gly-GCC","tRNA","MCTE01000105.1","host","51916..51991",0,0
"47","host-Met-CAT-3",52067,52143,"-","Met-CAT","tRNA","MCTE01000105.1","host","52067..52143",0,0
"48","host-Gly-GCC-5",52230,52305,"-","Gly-GCC","tRNA","MCTE01000105.1","host","52230..52305",0,0
"49","host-Met-CAT-4",52365,52441,"-","Met-CAT","tRNA","MCTE01000105.1","host","52365..52441",0,0
"50","host-Gly-GCC-6",52544,52619,"-","Gly-GCC","tRNA","MCTE01000105.1","host","52544..52619",0,0
"51","host-Met-CAT-5",52679,52755,"-","Met-CAT","tRNA","MCTE01000105.1","host","52679..52755",0,0
"52","host-Met-CAT-6",53726,53802,"-","Met-CAT","tRNA","MCTE01000105.1","host","53726..53802",0,0
"53","host-Met-CAT-7",26623,26698,"+","Met-CAT","tRNA","MCTE01000108.1","host","26623..26698",0,0
"54","host-Leu-TAG-2",76,160,"+","Leu-TAG","tRNA","MCTE01000112.1","host","76..160",0,0
"55","host-Pro-TGG-0",33065,33141,"-","Pro-TGG","tRNA","MCTE01000117.1","host","33065..33141",0,0
"56","host-Met-CAT-8",48814,48890,"+","Met-CAT","tRNA","MCTE01000117.1","host","48814..48890",0,0
"57","host-Leu-TAG-3",48957,49041,"+","Leu-TAG","tRNA","MCTE01000117.1","host","48957..49041",0,0
"58","host-Gln-TTG-1",49071,49145,"+","Gln-TTG","tRNA","MCTE01000117.1","host","49071..49145",0,0
"59","host-Met-CAT-9",49223,49299,"+","Met-CAT","tRNA","MCTE01000117.1","host","49223..49299",0,0
"60","host-Thr-TGT-3",5654,5729,"+","Thr-TGT","tRNA","MCTE01000118.1","host","5654..5729",0,0
"61","host-Tyr-GTA-1",5773,5857,"+","Tyr-GTA","tRNA","MCTE01000118.1","host","5773..5857",0,0
"62","host-Gly-TCC-0",5897,5971,"+","Gly-TCC","tRNA","MCTE01000118.1","host","5897..5971",0,0
"63","host-Thr-GGT-1",5985,6060,"+","Thr-GGT","tRNA","MCTE01000118.1","host","5985..6060",0,0
"64","host-Asn-GTT-4",18662,18737,"-","Asn-GTT","tRNA","MCTE01000119.1","host","18662..18737",0,0
"65","host-Ser-GGA-0",131503,131593,"+","Ser-GGA","tRNA","MCTE01000123.1","host","131503..131593",0,0
"66","host-Tyr-GTA-2",89378,89462,"-","Tyr-GTA","tRNA","MCTE01000124.1","host","89378..89462",0,0
"67","host-Pro-TGG-1",150,226,"-","Pro-TGG","tRNA","MCTE01000132.1","host","150..226",0,0
"68","host-His-GTG-0",282,357,"-","His-GTG","tRNA","MCTE01000132.1","host","282..357",0,0
"69","host-Pro-TGG-2",403,479,"-","Pro-TGG","tRNA","MCTE01000132.1","host","403..479",0,0
"70","host-His-GTG-1",557,632,"-","His-GTG","tRNA","MCTE01000132.1","host","557..632",0,0
"71","host-Arg-CCG-0",681,757,"-","Arg-CCG","tRNA","MCTE01000132.1","host","681..757",0,0
"72","host-Arg-ACG-0",10968,11044,"-","Arg-ACG","tRNA","MCTE01000138.1","host","10968..11044",0,0
"73","host-Arg-ACG-1",11126,11202,"-","Arg-ACG","tRNA","MCTE01000138.1","host","11126..11202",0,0
"74","host-Arg-ACG-2",11260,11336,"-","Arg-ACG","tRNA","MCTE01000138.1","host","11260..11336",0,0
"75","host-Arg-ACG-3",11395,11471,"-","Arg-ACG","tRNA","MCTE01000138.1","host","11395..11471",0,0
"76","host-Arg-ACG-4",11551,11627,"-","Arg-ACG","tRNA","MCTE01000138.1","host","11551..11627",0,0
"77","host-Arg-ACG-5",11685,11761,"-","Arg-ACG","tRNA","MCTE01000138.1","host","11685..11761",0,0
"78","host-Arg-ACG-6",11842,11918,"-","Arg-ACG","tRNA","MCTE01000138.1","host","11842..11918",0,0
"79","host-Ser-GCT-0",12008,12100,"-","Ser-GCT","tRNA","MCTE01000138.1","host","12008..12100",0,0
"80","host-Arg-ACG-7",12145,12221,"-","Arg-ACG","tRNA","MCTE01000138.1","host","12145..12221",0,0
"81","host-Ser-GCT-1",12266,12358,"-","Ser-GCT","tRNA","MCTE01000138.1","host","12266..12358",0,0
"82","host-Phe-GAA-2",89670,89745,"+","Phe-GAA","tRNA","MCTE01000138.1","host","89670..89745",0,0
"83","host-Cys-GCA-4",57,130,"+","Cys-GCA","tRNA","MCTE01000147.1","host","57..130",0,0
"84","host-Gly-GCC-7",182,257,"+","Gly-GCC","tRNA","MCTE01000147.1","host","182..257",0,0
"85","host-Gly-TCC-1",46524,46598,"-","Gly-TCC","tRNA","MCTE01000149.1","host","46524..46598",0,0
"86","host-Gly-TCC-2",46637,46711,"-","Gly-TCC","tRNA","MCTE01000149.1","host","46637..46711",0,0
