"sequence","refAlign","guessMod","guessCode"
"phage-Thr-TGT-0","ACTTTGCTTGGCC-CAG-CTGG-TACA-GGT-AAAACTCTTGTTCAGTTT----AG--T-------GGCAAC----GTGGGTTCGACTCCCATGTGAGATCACA","ACTTTGCT4GGCC-CAG-CTGG-TACA-GGT-AAAACTCTTGTTCAGTTT----AG--T-------G7CAAC----GTGGGTPCGACTCCCATGTGAGATCACA","tRNA-Thr-UGU-Mycoplasma_capricolum-prokaryotic_cytosol"
"phage-Ser-GGA-0","AGAGAGA-TGACTG-AG--TGGCTTA-AGGT-ACTCGCTTGGAAAGCGAGA-GGAG-GC--ATAGCTTCC-C----GCAGGTTCGAATCCTGTTCTCTCTGCCA","AGAGAGA-4GACTG-AG--TGGCTTA-""GGT-ACTCGCTTGGAAAGCGAGA-GGAG-GC--ATAGCTTCC-C----GCAGGTPCGAATCCTGTTCTCTCTGCCA","tRNA-Ser-GGA-Bacillus_subtilis-prokaryotic_cytosol"
"phage-Ile-GAT-0","AGTTCTA-TAGCTC-AG-TTGGTTA--GAGC-GCACCCCTGATAAGGGTG----A-----------GG-T-C----GCAGGTTCAAATCCCGCTAGGACTACAA","AGTTCTA-TAGCTC-AG-TDGGDDA--GAGC-GCACCCCTGAT6AGGGTG----A-----------G7-X-C----GCAGGTPCAAATCCCGCTAGGACTACAA","tRNA-Ile-GAU-Escherichia_coli-prokaryotic_cytosol"
"phage-His-GTG-0","ATCAAAA-TAGCTC-AA-CTGGTA---GAGCGCAGGGTATGTGACACCTA-AAGAT-AAAAGGACAGT--------GCAGGTTCGAAGCCTGCTTTTGATCCCA","ATCAAAA-TAGCTB-AA-CTGGTA---GAGCGCAGGGTATGTGACACCTA-AAGAT-AAAAGGACAGT--------GCAGGTTCG""AGCCTGCTTTTGATCCCA","tRNA-His-GUG-Streptomyces_griseus-prokaryotic_cytosol"
"host-Met-CAT-1","CGCGGGA-TGGAGC-AG-TTTGGTA--GCTC-GTCGGGCTCATAACCCGA----A-----------GG-T-C----GTCGGTTCAAATCCGGCTCCCGCAACCA","CGCGGGA-4GGAGC-AG-TTTGGDA--GCTC-GTCGGGBTCATAACCCGA----A-----------G7-T-C----GTCGGTPCAAATCCGGCTCCCGCAACCA","tRNA-Ini-CAU-Escherichia_coli-prokaryotic_cytosol"
"host-Met-CAT-5","CGCGGGA-TGGAGC-AG-TTTGGTA--GCTC-GTCGGGCTCATAACCCGA----A-----------GG-T-C----GTTGGTTCAAATCCGGCTCCCGCAACCA","CGCGGGA-4GGAGC-AG-TTTGGDA--GCTC-GTCGGGBTCATAACCCGA----A-----------G7-T-C----GTTGGTPCAAATCCGGCTCCCGCAACCA","tRNA-Ini-CAU-Escherichia_coli-prokaryotic_cytosol"
"phage-Ser-CGA-0","CGCGGGA-TGGTG-GAA-TTGGCAGA--CAC--ACCAGCGCGAAACTTGTAGAGTA-AATCAG-TGTACT-T----GCAGGTTCAAATCCTGCTCCCGCAACAT","CGCGGGA-TGGTG-GAA-TT#GCAGA--CAC--ACCAGCGCGA*ACTTGTAGAGTA-AATCAG-TGTACT-T----GCAGGTPCAAATCCTGCTCCCGCAACAT","tRNA-Ser-CGA-Escherichia_coli-prokaryotic_cytosol"
"phage-Pro-TGG-0","CGGAACT-TAGCTC-AG-TTTGGTA--GAGT-ACACCGTTTGGGACGGTG----T-----------TG-T-C----AGAAGTTCGAATCTTCTAGTTCCGACCA","CGGAACT-TAGCTC-AG-TTTGGDA--GAGT-ACACCGPT5GGKACGGTG----T-----------T7-T-C----AGAAGTPCGAATCTTCTAGTTCCGACCA","tRNA-Pro-5GG-Bacillus_subtilis-prokaryotic_cytosol"
"host-Pro-TGG-0","CGGTGAA-TAGCGC-AG-CTTGGTA--GCGC-ATCTGGTTTGGGACCAGA----G-----------GG-T-C----GGGGGTTCGAATCCCTCTTCACCGACCA","CGGTGAA-4AGCGC-AG-CTTGGDA--GCGC-ATCTGGJTVGGKACCAGA----G-----------G7-T-C----GGGGGTPCGAATCCCTCTTCACCGACCA","tRNA-Pro-VGG-Salmonella_typhimurium-prokaryotic_cytosol"
"phage-Ser-ACT-1","CGTACGG-TAGCTC-AG---TGGTA--GAGC-GCAGGCACACTAAGCCTG----A-----------TG-T-C----GGTGGTTCAAGTCCACCCTGTACGACCA","CGTACGG-TAGCTC-AG---TGGDA--GAGC-GCAGGCACACT6AGCCTG----A-----------T7-T-C----GGTGGFPCA""GTCCACCCTGTACGACCA","tRNA-Ile-GAU-Thermus_thermophilus-prokaryotic_cytosol"
"phage-Thr-GGT-0","CTCGTTG-TGGTG-AAA-CTGG-TAGA-CGC-GCCTGGTTGGTACCCGGG---ATCCTTGTGAAAGGGGAGT----GCAGGTTCGAGTCCTGTCTTCGAACGCT","CTCGTTG-TGGTG-AAA-CDGG-DAGA-CGC-GCCTGGTTGGTECCCGGG---ATCCTTGTGAAAGG7GAGT----GCAGGTPCGAGTCCTGTCTTCGAACGCT","tRNA-Thr-GGU-Escherichia_coli-prokaryotic_cytosol"
"phage-Val-AAC-0","CTTCCGT-TAGTTA-AA--TGG-TAC-AAAC--TCTCGTTAACCGCGGGG----C-----------AG-A-T----GTTGGTTCGAATCCTTCACGGAACACTA","CTTCCGT-TAGTTA-AA--DGG-TAC-AAAC--TCTCGTTAACCGCGGGG----C-----------A7-A-T----GTTGGTPCGAATCCTTCACGGAACACTA","tRNA-Val-GAC-Geobacillus_stearothermophilus-prokaryotic_cytosol"
"phage-Glu-TTC-0","CTTCCGT-TCGTCT-AG-TTGGCCTA-GGAC-ACTGCCCTTTCACAGCGG----------------CA-A-C----AGGGGTTCGAATCCCCTACGGAAGACCA","CTTCCGT-TCGTCP-AG-TTGGCCTA-GGAC-ACTGCCCTSTC/CAGCGG----------------CA-A-C----AGGGGTPCGAATCCCCTACGGAAGACCA","tRNA-Glu-SUC-Escherichia_coli-prokaryotic_cytosol"
"phage-Cys-GCA-0","GCACAGA-TGGCTG-AA--TAGTGA---GGC-AGCGAATTGCAAATTCGT----A-----------TG-A-T----GCGGGTGCGAATCCCGCTCTGTGCTCTA","GCACAGA-4GGCTG-AA--TAGDGA---GGC-AGCGAAPTGCA*APTCGT----A-----------TG-A-T----GCGGGTGCGAATCCCGCTCTGTGCTCTA","tRNA-Cys-GCA-Escherichia_coli-prokaryotic_cytosol"
"phage-Phe-GAA-0","GCAGGGA-TAGCTC-AG-TAGG-TA--GAGC-ACGTGATTGAAAATCACG----G-----------TC-G-C----GCCAGTTCAATTCTGGCTCCTTGCACCA","GCAGGGA-TAGCTC-AG-TAGG-DA--GAGC-ACGTGATTGAA*APCACG----G-----------TC-G-C----GCCAGTPCAATTCTGGCTCCTTGCACCA","tRNA-Phe-GAA-Rhodospirillum_rubrum-prokaryotic_cytosol"
"host-Val-GAC-0","GCCCGCT-TAGCTC-AG-TTGGTTA--GAGT-ACTTGCATGACATGCAAG----G-----------TG-T-C----ACTGGTTCGAGTCCAGTAGCGGGCACCA","GCCCGCT-TAGCTB-AG-TTG#TTA--GAGT-ACTTGCATGACATGCAAG----G-----------T7-T-C----ACTGGTTCGAGTCCAGTAGCGGGCACCA","tRNA-Val-GAC-Streptomyces_griseus-prokaryotic_cytosol"
"host-Phe-GAA-1","GCCCGGA-TAGCTC-AG-TCGG-TA--GAGC-AGAGGATTGAAAATCCTC----G-----------TG-T-C----GGTGGTTCGATTCCGCCTCCGGGCACCA","GCCCGGA-4AGCTC-AG-DCGG-DA--GAGC-AGAGGAPTGAA*APCCTC----G-----------T7-X-C----GGTGGTPCGATTCCGCCTCCGGGCACCA","tRNA-Phe-GAA-Escherichia_coli-prokaryotic_cytosol"
"host-Leu-TAA-0","GCCCTGG-TGGTGG-AA-TTGGTAGA--CAC-AAGGGATTTAAAATCCCT---CGG-CGTTCG-CGCTGT------GCCGGTTCAAGTCCGGCCCGGGGCACCA","GCCCTGG-4GGTGG-AA-DT#GDAGA--CAC-AAGGGAPT)AA*APCCCT---CGG-CGTTCG-CGCTGT------GCCGGTPCAAGTCCGGCCCGGGGCACCA","tRNA-Leu-)AA-Escherichia_coli-prokaryotic_cytosol"
"host-Thr-TGT-0","GCCGACT-TAGCTC-AG-TAGG-TA--GAGC-AACTGACTTGTAATCAGT----A-----------GG-T-C----ACCAGTTCGACTCCGGTAGTCGGCACCA","GCCGACT-TAGCTC-AG-TAGG-DA--GAGC-AACTGABTVGT6ATCAGT----A-----------G7-T-C----ACCAGTPCGACTCCGGTAGTCGGCACCA","tRNA-Thr-UGU-Escherichia_coli-prokaryotic_cytosol"
"host-Thr-TGT-2","GCCGACT-TAGCTC-AG-TAGG-TA--GAGC-AACTGACTTGTAATCAGT----A-----------GG-T-C----ACCAGTTCGATTCCGGTAGTCGGCACCA","GCCGACT-TAGCTC-AG-TAGG-DA--GAGC-AACTGABTVGT6ATCAGT----A-----------G7-T-C----ACCAGTPCGATTCCGGTAGTCGGCACCA","tRNA-Thr-UGU-Escherichia_coli-prokaryotic_cytosol"
"host-Leu-GAG-0","GCCGAGA-TGGTGA-AA-TTGGTAGA--CAC-GCTAGCATGAGGTGCTAG----TG-CCTTAG-GGTG-T------GAGGGTTCGAGTCCCTCTCTCGGCACCA","GCCGAGA-TGGTGA-AA-DD#GDAGA--CAC-GCTAGCATGAGKPGCTAG----TG-CCTTAG-GGTG-T------GAGGGTPCGAGTCCCTCTCTCGGCACCA","tRNA-Leu-GAG-Escherichia_coli-prokaryotic_cytosol"
"host-Phe-GAA-0","GCCTCGA-TAGCTC-AG-TCGG-TA--GAGC-AGCGGATTGAAAATCCGC----G-----------TG-T-C----GGTGGTTCGATTCCGCCTCGAGGCACCA","GCCTCGA-4AGCTC-AG-DCGG-DA--GAGC-AGCGGAPTGAA*APCCGC----G-----------T7-X-C----GGTGGTPCGATTCCGCCTCGAGGCACCA","tRNA-Phe-GAA-Escherichia_coli-prokaryotic_cytosol"
"host-Gly-GCC-0","GCGATAC-TAGCTC-AG-TTGG-TA--GAGC-GCAACCTTGCCAAGGTTG----A-----------GG-T-C----ATCGGTTCGAACCCGATGTATCGCTCCA","GCGATAC-TAGCTB-AG-TDGG-DA--GAGC-GCAACCTTGCCAAGGTTG----A-----------GG-T-C----ATCGGTTCGAACCCGATGTATCGCTCCA","tRNA-Gly-GCC-Streptomyces_griseus-prokaryotic_cytosol"
"host-Arg-TCT-0","GCGCCCT-TAGCTC-AG-CTGGATA--GAGC-ACCTCCCTTCTAAGGAGG----T-----------GG-T-C----GAAGGTTCGAATCCTTCAGGGCGTGCCA","GCGCCCT-TAGCTC-AG-CTGGATA--GAGC-ACCTCC%T{CT6AGGAGG----T-----------GG-T-C----GAAGGTPCGAATCCTTCAGGGCGTGCCA","tRNA-Arg-UCU-Escherichia_coli-prokaryotic_cytosol"
"phage-Arg-TCT-0","GCGCCCT-TAGCTC-AG-CTGGATA--GAGC-ATATCTCTTCTAAAGATA----G-----------GG-T-C---GGTGAGTTCGAATCTCCCAGGGCGCGCCA","GCGCCCT-TAGCTC-AG-CTGGATA--GAGC-ATATCT%T{CT6AAGATA----G-----------GG-T-C---GGTGAGTPCGAATCTCCCAGGGCGCGCCA","tRNA-Arg-UCU-Escherichia_coli-prokaryotic_cytosol"
"host-Arg-CCG-0","GCGCCTG-TAGCTC-AG-CTGGATA--GAGC-GTTGGCCTCCGGAGCCAA----A-----------GG-C-C----GAAGGTTCGAATCCTTTCAGGCGCGCCA","GCGCCTG-TAGCTC-AG-CDGGADA--GAGC-GTTGGC%TCCGKAGCCAA----A-----------G7-C-C----GAAGGTPCGAATCCTTTCAGGCGCGCCA","tRNA-Arg-CCG-Escherichia_coli-prokaryotic_cytosol"
"host-Arg-ACG-0","GCGCTCT-TAGCTC-AG-CTGGATA--GAGT-ACCTGGCTACGAACCAGG----C-----------GG-T-C----GGAGGTTCGAATCCTCCAGAGCGCGCCA","GCGCTCT-4AGCTC-AG-CDGGADA--GAGT-ACCTGG%TICG/ACCAGG----C-----------G7-X-C----GGAGGTPCGAATCCTCCAGAGCGCGCCA","tRNA-Arg-ICG-Escherichia_coli-prokaryotic_cytosol"
"host-Leu-TAG-0","GCGGTCG-TGGCGG-AA-TTGGTAGA--CGC-ACCAGATTTAGGTTCTGG---CGC-CG--AG-AGGTGT------GAGAGTTCAAGTCTCTCCGACCGCACCA","GCGGTCG-TGGCGG-AA-DD#GTAGA--CGC-ACCAGATTVAGKPTCTGG---CGC-CG--AG-AGGTGT------GAGAGTPCAAGTCTCTCCGACCGCACCA","tRNA-Leu-UAG-Escherichia_coli-prokaryotic_cytosol"
"phage-Gly-TCC-0","GCGTACA-TC-GTA-TA-AAGGCTAT-TACC--CCTGCCTTCCAAGCAGG----------------TG-A-T----CCGGGTTCAATTCCCGGTGTACGCTCTA","GCGTACA-TC-GTA-TA-AAGGCTAT-TACC--CCTGCCT{CCAAGCAGG----------------TG-A-T----CCGGGTPCAATTCCCGGTGTACGCTCTA","tRNA-Gly-{CC-Escherichia_coli-prokaryotic_cytosol"
"host-Gly-TCC-2","GCGTACA-TC-GTA-TA-ATGGCTAT-TACC--TCAGCCTTCCAAGCTGA----------------TG-A-T----GCGGGTTCGATTCCCGCTGTACGCTCCA","GCGTACA-TC-GTA-TA-ATGGCTAT-TACC--TCAGCCT{CCAAGCTGA----------------TG-A-T----GCGGGTPCGATTCCCGCTGTACGCTCCA","tRNA-Gly-{CC-Escherichia_coli-prokaryotic_cytosol"
"host-Arg-ACG-1","GCGTCCT-TAGCTC-AG-CTGGATA--GAGT-ACCTGGCTACGAACCAGG----C-----------GG-T-C----GGAGGTTCGAATCCTCCAGGACGCGCCA","GCGTCCT-4AGCTC-AG-CDGGADA--GAGT-ACCTGG%TICG/ACCAGG----C-----------G7-X-C----GGAGGTPCGAATCCTCCAGGACGCGCCA","tRNA-Arg-ICG-Escherichia_coli-prokaryotic_cytosol"
"host-Gly-TCC-0","GCGTGCA-TC-GTA-TA-ATGGCTAT-TACC--TCAGCCTTCCAAGCTGA----------------TG-A-T----GCGGGTTCGATTCCCGCTGCACGCTCCA","GCGTGCA-TC-GTA-TA-ATGGCTAT-TACC--TCAGCCT{CCAAGCTGA----------------TG-A-T----GCGGGTPCGATTCCCGCTGCACGCTCCA","tRNA-Gly-{CC-Escherichia_coli-prokaryotic_cytosol"
"host-Thr-GGT-0","GCTGATA-TAGCTCAGC-CCGG-TA--GAGC-GCACCCTTGGTAAGGGTG----A-----------GG-T-C----CCCAGTTCGAGTCTGGGTATCAGCACCA","GCTGATA-TAGCTCAGC-CCGG-DA--GAGC-GCACCCTTGGTEAGGGTG----A-----------G7-T-C----CCCAGTPCGAGTCTGGGTATCAGCACCA","tRNA-Thr-GGU-Escherichia_coli-prokaryotic_cytosol"
"host-Thr-GGT-1","GCTGATA-TAGCTC-AG-TCGG-TA--GAGC-GCACCCTTGGTAAGGGTG----A-----------GG-T-C----CCCAGTTCGACTCTGGGTATTAGCACCA","GCTGATA-TAGCTC-AG-DCGG-DA--GAGC-GCACCCTTGGTEAGGGTG----A-----------G7-T-C----CCCAGTPCGACTCTGGGTATTAGCACCA","tRNA-Thr-GGU-Escherichia_coli-prokaryotic_cytosol"
"phage-Thr-TGT-1","GCTGGTA-TCGCAT-AG--TGGCA-A-TTGC-AATACACTTGTAATGTATC--GGG-A---A-A--CCTT-C----GTCAGTTCGAGTCTGACTACCAGCACCA","GCTGGTA-TCGCAT-AG--TGGCA-A-TTGC-AATACACTNGTHAPGTATC--GGG-A---A-A--CCTT-C----GTCAGTPCGAGTCTGACTACCAGCACCA","tRNA-Thr-NGU-Enterobacteria_phage_T4-prokaryotic_cytosol"
"host-Ser-GGA-0","GGAAGGA-TGGCTG-AG--TGGCTTA-AGGC-GCTCGCCTGGAAAGCGAGT-ATAC-GTTTATAGCGTAT-C----TGGGGTTCAAATCCCCATCCTTCCACCA","GGAAGGA-TGGCTG-AG--TGGCTTA-AGGC-RCTCGCCTGGAAAGCGAGT-ATAC-GTTTATAGCGTAT-?----TGGGG]PBOAATCCCCATCCTTCCACCA","tRNA-Ser-GGA-Haloferax_volcanii-prokaryotic_cytosol"
"phage-Ser-GCT-0","GGAGGCA-TGGCAG-AG--CGGCTTA-TCGC-GCACCCCTGCTAAGGGTGT-AGAC-CTTAAT-AGGTCT-C----GTTGGTTCAAATCCAACTGCCTCCGCCA","GGAGGCA-4GGCAG-AG--CGGCDTA-TCGC-GCACCC%TGCT6AGGGTGT-AGAC-CTTAAT-AGGTCT-C----GTTGGTPCAAATCCAACTGCCTCCGCCA","tRNA-Ser-GCU-Escherichia_coli-prokaryotic_cytosol"
"host-Ser-TGA-0","GGAGGGA-TGGCTG-AG--TGGTCGA-AAGC-ACCGGTCTTGAAAACCGGC-AACC-GTTAATAGCGGTT-C----TAGGGTTCAAATCCCTATCCCTCCACCA","GGAGGGA-4GGCTG-AG--T#GDCGA-AAGC-ACCGGTBTVGA*AACCGGC-AACC-GTTAATAGCGGTT-C----TAGGGTPCAAATCCCTATCCCTCCACCA","tRNA-Ser-UGA-Escherichia_coli-prokaryotic_cytosol"
"host-Tyr-GTA-0","GGAGGGG-TTCCCG-AG--TGGCCAA-AGGG-AGCAGACTGTAAATCTGCC--GGC-AC------TGCCTTC----GATGGTTCGAATCCGTCTCCCTCCACCA","GGAGKGG-TTCCCG-AG--TGGCCAA-AGGG-AGCAGABTGTA≠ATCTGCC--GGC-AC------TGCCTTC----GATGGTTCGAATCCGTCTCCCTCCACCA","tRNA-Tyr-GUA-Streptomyces_griseus-prokaryotic_cytosol"
"phage-Tyr-GTA-0","GGAGGTA-TTGGGG-AG--TAGACAA-ACCC-AAGGGACTGTAAATCCCTC--GCTTACG-AGAGTAGCTAC----GGTGGTGCAAATCCATCTACCTCCACAA","GGAGKTA-TTGGGG-AG--TAGACAA-ACCC-AAGGGABTGTA≠ATCCCTC--GCTTACG-AGAGTAGCTAC----GGTGGTGCAAATCCATCTACCTCCACAA","tRNA-Tyr-GUA-Streptomyces_griseus-prokaryotic_cytosol"
"host-Asp-GTC-0","GGAGTGG-TAGTTC-AG-TTGGTTA--GAAT-ACCGGCCTGTCACGCCGG----G-----------GG-T-C----GCGGGTTCGAGTCCCGTCCACTCCGCCA","GGAGTGG-4AGTTC-AG-DTGGDDA--GAAT-ACCGGCCTGTC/CGCCGG----G-----------G7-T-C----GCGGGTPCGAGTCCCGPCCACTCCGCCA","tRNA-Asp-⊄UC-Escherichia_coli-prokaryotic_cytosol"
"phage-Asn-GTT-0","GGATGAG-TAGCTC-AG--AGG-CA--GAGC-GGGGAGCTGTTAACTCCT----A-----------GG-T-C----GGGATTTCGAAATTCCCCTCGTCCGCCA","GGATGAG-TAGCTC-A;--AGG-CA--GAGC-GGGGAGCT;TT6ACTCCT----A-----------GG-T-C----GGGATPPBGAAATTCCCCTCGTCCGCCA","tRNA-Asn-;UU-Methanobacterium_thermaggregans-prokaryotic_cytosol"
"host-Met-CAT-7","GGCCCCT-TAGCTC-AG--TGGTTA--GAGC-GCACGACTCATAATCGTT----C-----------GG-T-C----CCCAGTTCAAATCTGGGAGGGGCCACCA","GGCCCCT-4AGCTC-AG--T#GDDA--GAGC-GCACGACT}AT6APCGTT----C-----------G7-X-C----CCCAGTPCAAATCTGGGAGGGGCCACCA","tRNA-Ile-CAU-Escherichia_coli-prokaryotic_cytosol"
"host-Cys-GCA-0","GGCGCCT-TGGCAG-AG--TGGCTA---TGC-AGCGGATTGCAAATCCGT----------------GG-A-C----CTCGGTTCGACTCCGGGAGGCGCCTCCA","GGCGCCT-4GGCAG-AG--TGGCDA---TGC-AGCGGAPTGCA*APCCGT----------------GG-A-C----CTCGGTPCGACTCCGGGAGGCGCCTCCA","tRNA-Cys-GCA-Escherichia_coli-prokaryotic_cytosol"
"phage-Ser-TGA-0","GGCGGGT-TGGTAG-AGTTTGGCTTA-TTGC-ACCTGACTTGAAATCAGGC-GAAC-CTTAA-ACGGTTC-C----GAGGGTTCGAATCCCTCACCCGCTTCCA","GGCGGGT-4GGTAG-AGTTT#GCDTA-TTGC-ACCTGABTVGA*ATCAGGC-GAAC-CTTAA-ACGGTTC-C----GAGGGTPCGAATCCCTCACCCGCTTCCA","tRNA-Ser-UGA-Escherichia_coli-prokaryotic_cytosol"
"host-Met-CAT-0","GGCTACT-TAGCTC-AG-TTGGTTA--GAGC-ACATCACTCATAATGATG----G-----------GG-T-C----GCAGGTTCAAATCCCGCAGTAGCCACCA","GGCTACT-4AGCTC-AG-DD#GDDA--GAGC-ACATCACTMAT6APGATG----G-----------G7-X-C----GCAGGTPCAAATCCCGCAGTAGCCACCA","tRNA-Met-MAU-Escherichia_coli-prokaryotic_cytosol"
"phage-Met-CAT-0","GGGCCTT-TAGCTC-AG--TGGTTA--GAGC-AGTCGACTCATAATCGAT----T-----------GG-T-C----CGGGGTTCAAGTCCCTGAAGGCCCACCA","GGGCCTT-4AGCTC-AG--T#GDDA--GAGC-AGTCGACT}AT6APCGAT----T-----------G7-X-C----CGGGGTPCAAGTCCCTGAAGGCCCACCA","tRNA-Ile-CAU-Escherichia_coli-prokaryotic_cytosol"
"host-Val-TAC-0","GGGCGAT-TAGCTC-AG-TTGG-GA--GAGC-ACCTGCCTTACAAGCAGG----G-----------GG-T-C----ACTGGTTCGAGCCCGGTATCGCCCACCA","GGGCGAT-4AGCTC-AG-TDGG-GA--GAGC-ACCTGCCTVAC=AGCAGG----G-----------G7-T-C----ACTGGTPCGAGCCCGGTATCGCCCACCA","tRNA-Val-VAC-Escherichia_coli-prokaryotic_cytosol"
"phage-Leu-TAG-0","GGGCTCA-TGGCGA-AG--CGG--GA-TCGCGATTTAGTTTAGTTCTTAA----CC-GGCATGATCGGTGAC----GTTGGTTCGAATCCAACTGAGTCCACTA","GGGCTCA-TGGCGA-AG--C#G--GA-TCGCGATTTAGTTVAGTPCTTAA----CC-GGCATGATCGGTGAC----GTTGGTPCGAATCCAACTGAGTCCACTA","tRNA-Leu-UAG-Escherichia_coli-prokaryotic_cytosol"
"host-Ala-GGC-0","GGGGCTA-TAGCTC-AG-CTGG-GA--GAGC-GCCTCGCTGGCAGCGAGG----A-----------GG-T-C----TGCGGTTCGATCCCGCATAGCTCCACCA","GGGGCTA-TAGCTC-AG-CDGG-GA--GAGC-GCCTCGCTGGCAGCGAGG----A-----------G7-T-C----TGCGGTPCGATCCCGCATAGCTCCACCA","tRNA-Ala-GGC-Escherichia_coli-prokaryotic_cytosol"
"host-Ala-TGC-0","GGGGCTA-TAGCTC-AG-CTGG-GA--GAGC-GCCTGCCTTGCACGCAGG----A-----------GG-T-C----TGCGGTTCGATCCCGCATAGCTCCACCA","GGGGCTA-TAGCTC-AG-CDGG-GA--GAGC-GCCTGCCTVGCACGCAGG----A-----------G7-T-C----TGCGGTPCGATCCCGCATAGCTCCACCA","tRNA-Ala-VGC-Escherichia_coli-prokaryotic_cytosol"
"host-Lys-TTT-0","GGGTCGT-TAGCTC-AG--TTGGTA--GAGC-AGTTGACTTTTAATCAAT----T-----------GG-T-C----GCAGGTTCGAATCCTGCACGACCCACCA","GGGTCGT-TAGCTC-AG--DDGGDA--GAGC-AGTTGACTSTT6APCAAT----T-----------G7-X-C----GCAGGTPCGAATCCTGCACGACCCACCA","tRNA-Lys-SUU-Escherichia_coli-prokaryotic_cytosol"
"host-Ile-GAT-0","GGGTCTG-TAGCTC-AG-CTGGTTA--GAGC-GCTCGCCTGATAAGCGGG----A-----------GG-T-C----GGTGGTTCAAGTCCACTCAGACCCACCA","GGGTCTG-TAGCTC-AG-CDGGDDA--GAGC-GCTCGCCTGAT6AGCGGG----A-----------G7-X-C----GGTGGTPCAAGTCCACPCAGACCCACCA","tRNA-Ile-GAU-Escherichia_coli-prokaryotic_cytosol"
"host-Ser-GCT-1","GGTGAGG-TGGCCG-AG--AGGCCGA-AGGC-GCTCCCCTGCTAAGGGAGTATGTG-GTTTGTAGCTGCATC----GAGGGTTCGAATCCCTCCCTCACCGCCA","GGTGAGG-4GGCCG-AG--AGGCCGA-AGGC-GCTCCC%TGCT6AGGGAGTATGTG-GTTTGTAGCTGCATC----GAGGGTPCGAATCCCTCCCTCACCGCCA","tRNA-Ser-GCU-Escherichia_coli-prokaryotic_cytosol"
"host-Ser-GCT-0","GGTGAGG-TGGCCG-AG--TGGCCGA-AGGC-GCTCCCCTGCTAAGGGAGTATGTG-GTTTGTAGCCGCATC----GAGGGTTCGAATCCCTCCCTCACCGCCA","GGTGAGG-4GGCCG-AG--TGGCCGA-AGGC-GCTCCC%TGCT6AGGGAGTATGTG-GTTTGTAGCCGCATC----GAGGGTPCGAATCCCTCCCTCACCGCCA","tRNA-Ser-GCU-Escherichia_coli-prokaryotic_cytosol"
"host-Glu-TTC-0","GTCCCGT-TCGTCT-AG--AGGCCTA-GGAC-ACCGCCCTTTCACGGCGG----------------TA-A-C----AGGGGTTCGACTCCCCTACGGGATACCA","GTCCCGT-TCGTCP-AG--AGGCCTA-GGAC-ACCGCCCTSTC/CGGCGG----------------TA-A-C----AGGGGTPCGACTCCCCTACGGGATACCA","tRNA-Glu-SUC-Escherichia_coli-prokaryotic_cytosol"
"host-His-GTG-0","GTGGCTA-TAGCTC-AG-TTGG-TA--GAGC-CCTGGATTGTGATTCCGG----T-----------GG-T-C----GCGAGTTCGAATCTCGTTAGCCACCCCA","GTGGCTA-4AGCTC-AG-DDGG-DA--GAGC-CCTGGATTGTG/PPCCGG----T-----------G7-T-C----GCGAGTPCGAATCTCGTTAGCCACCCCA","tRNA-His-GUG-Escherichia_coli-prokaryotic_cytosol"
"phage-Leu-TAA-0","GTGGGTG-TGCCGG-AA-CTGGTAGA--CGG-AACGAGTTTAAGCCTCGT----CG-CTAT-G-TGCG-T------GAGAGTTCGAATCTCTCCACCCGCACCG","GTGGGTG-4GCCGG-AA-CT#GDAGA--CGG-AACGAGPT)AAGCCTCGT----CG-CTAT-G-TGCG-T------GAGAGTPCGAATCTCTCCACCCGCACCG","tRNA-Leu-)AA-Escherichia_coli-prokaryotic_cytosol"
"phage-Ser-ACT-0","TAGCTCAGTAGCAG-AGGTAGCTTAA-TGGC--TGACTTTACTTAAATCGGGAGAGTGTGTTCTGGGTGAAATATTAGGG-TGCGAGT-CCCTTAAGTAGACGC","TAGCTCAG4AGCAG-AGGTAGCTDAA-TGGC--TGACTTTACTTAAATCGGGAGAGTGTGTTCTGGGTGAAATATTAGGG-TGCGAGT-CCCTTAAGTAGACGC","tRNA-Ser-GCU-Escherichia_coli-prokaryotic_cytosol"
"host-Asn-GTT-0","TCCCCTT-TAGTTC-AG--TTGGTA--GAAC-GGCGGACTGTTAATCCGT----A-----------TG-T-C----GCAAGTTCAAGTCTTGCAAGGGGAGCCA","TCCCCTT-4AGTTC-AG--DTGGDA--GAAC-GGCGGACTGTT6APCCGT----A-----------T7-T-C----GCAAGTPCAAGTCTTGCAAGGGGAGCCA","tRNA-Asn-GUU-Escherichia_coli-prokaryotic_cytosol"
"phage-Met-CAT-1","TGCGGGA-TAGTTC-AG--TGGTTA--GAAT-ACCGGGCTCATAATCCGG----T-----------GG-T-C----GGTGGTTCGAGCCCACCTCCCGCATCCA","TGCGGGA-TAGTTC-AG--TGGTDA--GAAT-ACCGGGCTCATAATCCGG----T-----------GG-T-C----GGTGGTPCGAGCCCACCTCCCGCATCCA","tRNA-Ini-CAU-Mycoplasma_capricolum-prokaryotic_cytosol"
"host-Gln-TTG-0","TGGGCTA-TCGCCA-AG--CGG-TA--AGGC-ACTGGCTTTTGATGCCAG----C-----------AT-T-C----CCTGGTTCGAATCCAGGTAGCCCAGCCA","TGGGCTA-4CGCCA-AG--C#G-DA--AGGC-ACTGGCJT$TG/PGCCAG----C-----------AT-T-C----CCTGGTPCGAATCCAGGTAGCCCAGCCA","tRNA-Gln-UUG-Escherichia_coli-prokaryotic_cytosol"
"phage-Gln-TTG-0","TGGGGTA-TAGCTC-AA-TTGG-TA--GAGC-ACCTGGTTTTGATCCAGG----T-----------TG-T-T----GGAGATTCGAGTTCTTCTACCCCAGCCA","TGGGGTA-4AGCTC-AA-TT#G-DA--GAGC-ACCTGGJT$TG/PCCAGG----T-----------TG-T-T----GGAGATPCGAGTTCTTCTACCCCAGCCA","tRNA-Gln-UUG-Escherichia_coli-prokaryotic_cytosol"
